{
    "0.1.0": "0.15.9",
    "0.1.1": "0.15.9",
    "0.1.2": "0.15.9",
    "0.1.3": "0.15.9",
    "0.1.4": "0.15.9",
    "0.2.0": "0.15.9",
    "0.2.1": "0.15.9",
    "0.2.2": "0.15.9",
    "0.2.3": "0.15.9",
    "0.2.4": "1.0.0",
    "0.2.5": "1.0.0",
    "0.2.6": "1.1.15",
    "0.2.7": "1.3.5",
    "0.2.8": "1.3.5",
    "0.2.9": "1.3.5",
    "0.3.0": "1.3.5",
    "0.3.1": "1.3.5",
    "0.3.2": "1.3.5",
    "0.3.3": "1.3.5",
    "0.3.4": "1.3.5",
    "0.3.5": "1.3.5",
    "0.4.0": "1.3.5",
    "0.4.1": "1.3.5",
    "0.4.2": "1.3.5",
    "0.4.3": "1.3.5",
    "0.4.4": "1.3.5",
    "0.4.5": "1.3.5",
    "0.4.6": "1.3.5",
    "0.4.7": "1.3.5",
    "0.5.0": "1.3.5"
}
